"Código";"Descrição";"Categoria";"Fabricante";"Modelo";"Unidade";"Valor total";"Fonte"
"4570042";"Câmera CFTV Dome VIPC 1230 D G2";"Câmeras IP";"Intelbras";"";"un";"225,65";"EXSAT"
"4560094";"Câmera Dome VHD 1220 D Full Color Intelbras";"Câmera Multi HD";"Intelbras";"";"un";"146,39";"EXSAT"
"4564068";"Câmera Bullet VIP 3230 B SL G3 Intelbras IP 2MP";"Câmeras IP";"Intelbras";"";"un";"299,99";"EXSAT"
"4560051";"Câmera Dome CFTV VHL 1120 D G2 Intelbras";"Câmera HDVCI";"Intelbras";"";"un";"88,66";"EXSAT"
"4590016";"Câmera Im7 S Intelbras Full Color Wi-Fi 360 Externa";"Câmeras Wifi";"Intelbras";"";"un";"299,90";"EXSAT"
"4678100";"Mola Hidráulica Aérea MH 102 A para 45KG";"Mola Hidraulica";"Intelbras";"";"un";"131,11";"EXSAT"
"4520808";"Modulo Interno Videporteiro IVR1010MI Intelbras";"Videoporteiro";"Intelbras";"";"un";"384,42";"EXSAT"
"4671003";"Fechadura Eletroímã FE 150 Inox 12V Sem Sensor";"Fechadura Eletroímã";"Intelbras";"";"un";"327,30";"EXSAT"
"4501307";"Terminal Dedicado Porteiro Eletrônico XPE1013 ID";"Porteiro Eletrônico";"Intelbras";"";"un";"649,60";"EXSAT"
"000000000010006970";"Motor Basculante Gatter Plus STD 220V Nice - Alta Velocidade e Proteção";"Motores para portões";"Intelbras";"";"un";"514,99";"EXSAT"
"4842857";"Conector MC4 FM MC 1Via 1.5kV 45A (Par) para Sistemas Fotovoltaicos";"Cabos e Acessórios";"Intelbras";"";"un";"18,73";"EXSAT"
"4849840";"Cabo Solar Preto 1,5KV DC 4mm";"Cabos e Acessórios";"Intelbras";"";"un";"7,10";"EXSAT"
"4842811";"Arandela Solar Integrada ASI 220 Luz Branca";"Estrutura";"Intelbras";"";"un";"80,99";"EXSAT"
"4842810";"Arandela Solar Integrada ASI 220 Luz Amarela";"Estrutura";"Intelbras";"";"un";"80,99";"EXSAT"
"4821001";"Bateria VRLA 12V 6Ah XB 12AL Intelbras";"Baterias e Acessórios";"Intelbras";"";"un";"79,82";"EXSAT"
"4580771";"Gravador Digital de Vídeo MHDX 3108-C";"DVR Stand Alone 8 canais";"Intelbras";"";"un";"718,77";"EXSAT"
"4580778";"Gravador Dig 16 Canais Imhdx 3116 Intelbras";"DVR Stand Alone 16 canais";"Intelbras";"";"un";"1550,53";"EXSAT"
"4580716";"Gravador Digital de Vídeo MHDX 1116-C HD 2TB";"DVR Stand Alone 16 canais";"Intelbras";"";"un";"1693,71";"EXSAT"
"4581218";"Gravador Digital de Vídeo em Rede 16 Canais NVD 1516";"NVR 16 Canais";"Intelbras";"";"un";"959,76";"EXSAT"
"4581164";"Gravador Digital de Vídeo em Rede iNVD 3032";"DVR Stand Alone 32 canais";"Intelbras";"";"un";"2585,03";"EXSAT"
"4201251";"Telefone IP Intelbras TIP 125i";"Telefones";"Intelbras";"";"un";"233,68";"EXSAT"
"0006";"Esticador FE Preto para Cabos de Telefonia e Internet | Alta Resistência";"Acessórios e Peças";"Intelbras";"";"un";"0,93";"EXSAT"
"4080055";"Telefone Pleno Artico com Fio Cinza";"Telefones";"Intelbras";"";"un";"52,47";"EXSAT"
"4114002";"Interface Celular 4G Wi-Fi ICW 4002";"Gateway";"Intelbras";"";"un";"912,94";"EXSAT"
"4122510";"Telefone Sem Fio Intelbras TS 2510";"Telefones Sem Fio";"Intelbras";"";"un";"133,70";"EXSAT"
"4822201";"Nobreak ATTIV 600VA 220V Intelbras";"Nobreaks e Acessórios";"Intelbras";"";"un";"343,15";"EXSAT"
"4822200";"Nobreak ATTIV 600VA 120V Intelbras";"Nobreaks e Acessórios";"Intelbras";"";"un";"343,15";"EXSAT"
"4822212";"NOBREAK ATTIV 1500 VA BI Intelbras";"Nobreaks e Acessórios";"Intelbras";"";"un";"823,36";"EXSAT"
"4822208";"Nobreak Interativo ATTIV 1200VA 220V Intelbras";"Nobreaks e Acessórios";"Intelbras";"";"un";"658,33";"EXSAT"
"4630012";"Bloco De Iluminacao BLA 1202 Intelbras Autonomo";"Iluminação de Emergência";"Intelbras";"";"un";"163,33";"EXSAT"
"4780207";"Caixa de Emenda óptica XFCEO 5004M Intelbras";"Passivos de Fibra";"Intelbras";"";"un";"197,36";"EXSAT"
"10963";"Caixa de Emenda 24FO SVT-1 Band-Preta";"Passivos de Fibra";"Intelbras";"";"un";"208,97";"EXSAT"
"4750220";"Roteador Wi-Fi SR1041F Intelbras AX 3000 Wi-Fi 6";"Modens e Roteadores";"Intelbras";"";"un";"229,90";"EXSAT"
"4710010";"Injetor Conversor PoE Ativo Gigabit Ethernet PoE 200 AT";"Passivos de Fibra";"Intelbras";"";"un";"156,16";"EXSAT"
"10245";"Adaptador para fibra SC APC";"Conectores e Acessórios";"Intelbras";"";"un";"0,60";"EXSAT"
"4565614";"Câmera Wi-Fi Full HD iMX C com MicroSD 32GB";"Câmeras Wifi";"Intelbras";"";"un";"329,90";"EXSAT"
"4820155";"Conversor Automático AC/DC EF 1210+ 12,8V 10A";"Fontes de Alimentação";"Intelbras";"";"un";"159,02";"EXSAT"
"4543544";"Sirene 105 dB SIR 1000 Branca";"Sirenes";"Intelbras";"";"un";"25,47";"EXSAT"
"4542300";"Central de Alarme AMT 4010 SMART";"Alarmes";"Intelbras";"";"un";"469,77";"EXSAT"
"4290009";"Mouse Sem Fio Intelbras MSI 50 Preto USB 2.0";"Mouse e Teclado";"Intelbras";"";"un";"43,60";"EXSAT"
"4140700";"Conversor Digital de TV e Gravador CD 700";"Receptores";"Intelbras";"";"un";"91,11";"EXSAT"
"4293100";"Teclado Intelbras TCI10 com Fio Preto";"Mouse e Teclado";"Intelbras";"";"un";"46,76";"EXSAT"
"4830079";"Cabo USB-C 1,2M Intelbras EUCC 12PP Preto";"Cabos USB e Carregadores";"Intelbras";"";"un";"20,34";"EXSAT"
"4294200";"Combo Teclado e Mouse Intelbras CSI50 Sem Fio Preto";"Mouse e Teclado";"Intelbras";"";"un";"109,77";"EXSAT"
"4684016";"Etiqueta de Acionamento RFID Veicular TH 3010 900MHz";"Leitores e Coletores";"Intelbras";"";"un";"4,00";"EXSAT"
"4684015";"Chaveiro Acionador por Aproximação RFID 13,56MHz TH 1000 MF";"Leitores e Coletores";"Intelbras";"";"un";"4,41";"EXSAT"
"4502101";"Terminal Dedicado TDMI 300 Intelbras";"Porteiro Eletrônico";"Intelbras";"";"un";"54,53";"EXSAT"
"4684003";"Cartão Acionado por Aproximação RFID 13.56 MHz TH 2000 MF";"Acessórios Controle de Acesso";"Intelbras";"";"un";"6,75";"EXSAT"
"4684001";"Cartão de Aproximação RFID 125kHz TH 2000";"Acessórios Controle de Acesso";"Intelbras";"";"un";"4,01";"EXSAT"
"4684017";"Pulseira Acionada por Aproximação RFID 13,56MHz TH 4000 MF";"Leitores e Coletores";"Intelbras";"";"un";"14,11";"EXSAT"
"4665032";"Controle Remoto para Automatizadores EP 02";"Acessórios Controle de Acesso";"Intelbras";"";"un";"24,68";"EXSAT"
"4661702";"Cremalheira de Alumínio com Gomos de ABS 1,0M";"Cremalheira";"Intelbras";"";"un";"28,19";"EXSAT"
"4521020";"Porteiro Residencial IPR 1010";"Porteiro Eletrônico";"Intelbras";"";"un";"173,17";"EXSAT"
"000000000010006960";"Motor Basculante Gatter Plus STD 127V Nice - Alta Velocidade e Proteção";"Motores para portões";"Intelbras";"";"un";"514,99";"EXSAT"
"4541033";"Transmissor Universal TX 8000";"Acessórios Controle de Acesso";"Intelbras";"";"un";"98,40";"EXSAT"
"4675012";"Acionador Abertura Infravermelho BT 4000";"Acessórios Controle de Acesso";"Intelbras";"";"un";"172,68";"EXSAT"
"4671095";"Fechadura Eletroímã FE 20150 Prata com Sensor";"Fechadura Eletroímã";"Intelbras";"";"un";"266,25";"EXSAT"
"4666000";"Botoeira sem fio BT 100 Intelbras de Automação";"Acessórios Controle de Acesso";"Intelbras";"";"un";"44,52";"EXSAT"
"4684012";"Chaveiro RFID por Proximidade 125 kHz TH1000 Intelbras";"Acessórios para Fechaduras";"Intelbras";"";"un";"4,41";"EXSAT"
"4660353";"Automatizador de Portão DR 400 AL 127V";"Motores para portões";"Intelbras";"";"un";"449,99";"EXSAT"
"4682036";"Controlador de Acesso Digiprox SA 202";"Acessórios Controle de Acesso";"Intelbras";"";"un";"234,98";"EXSAT"
"4520018";"Video Porteiro com Monofone IVR 4 Intelbras";"Videoporteiro";"Intelbras";"";"un";"534,71";"EXSAT"
"4500027";"Central Coletiva Collective 8I";"Central Coletiva";"Intelbras";"";"un";"771,32";"EXSAT"
"4666100";"Modulo APP Strat ST 100";"Acessórios e Peças";"Intelbras";"";"un";"199,99";"EXSAT"
"4679060";"Fechadura Elétrica FX 1500 Cinza";"Fechadura Elétrica";"Intelbras";"";"un";"171,06";"EXSAT"
"4520058";"Video Porteiro Allo WT7 Lite";"Videoporteiro";"Intelbras";"";"un";"1652,99";"EXSAT"
"4504500";"Chaveiro RFID Mifare XID1000";"Acessórios Controle de Acesso";"Intelbras";"";"un";"8,88";"EXSAT"
"4521010";"Porteiro Residencial IPR 8010";"Porteiro Eletrônico";"Intelbras";"";"un";"203,85";"EXSAT"
"4521810";"EXTENSAO DE AUDIO PARA INTERFONIA 1010 EA";"Porteiro Eletrônico";"Intelbras";"";"un";"82,89";"EXSAT"
"4671094";"Fechadura Eletroímã FE 20150 Prata com Sensor";"Fechadura Eletroímã";"Intelbras";"";"un";"300,98";"EXSAT"
"4520004";"Video Porteiro com Monofone IVR 7 Intelbras";"Videoporteiro";"Intelbras";"";"un";"718,52";"EXSAT"
"4682064";"Controlador de Acesso SS 3420 BIO";"Controlador de Acesso";"Intelbras";"";"un";"1291,80";"EXSAT"
"4678110";"Mola Hidráulica Aérea MH 103 A para 65kg Prata";"Mola Hidraulica";"Intelbras";"";"un";"167,28";"EXSAT"
"4500029";"Central Coletiva Collective 4i";"Central Coletiva";"Intelbras";"";"un";"738,57";"EXSAT"
"4500038";"Central Coletiva Collective 16i";"Central Coletiva";"Intelbras";"";"un";"937,39";"EXSAT"
"4679040";"Fechadura Eletrica Cilindro Fixo FX 500";"Fechadura Elétrica";"Intelbras";"";"un";"160,78";"EXSAT"
"4660351";"Automatizador de Portão DR 400 127V Intelbras";"Motores para portões";"Intelbras";"";"un";"487,55";"EXSAT"
"4661403";"Automatizador de Portão BR 400 FAST";"Motores para portões";"Intelbras";"";"un";"648,92";"EXSAT"
"4660139";"Acionador Wi-Fi Smart MCP 1001 Intelbras";"Acessórios e Peças";"Intelbras";"";"un";"211,57";"EXSAT"
"4670300";"Fechadura Digital FD 3000";"Fechadura Digital";"Intelbras";"";"un";"726,66";"EXSAT"
"4501013";"Porteiro Terminal Dedicado XPE-1013 Plus";"Porteiro Eletrônico";"Intelbras";"";"un";"516,13";"EXSAT"
"4680331";"Controlador de Acesso Facial SS 5531 MF EX";"Controlador de Acesso";"Intelbras";"";"un";"1150,00";"EXSAT"
"4679061";"Fechadura Elétrica FX 1500 Preta";"Fechadura Elétrica";"Intelbras";"";"un";"171,06";"EXSAT"
"4660300";"Automatizador de Portão DR 300 NY 220V";"Motores para portões";"Intelbras";"";"un";"361,92";"EXSAT"
"4661410";"Acionador Basculante 1.4M 5/8 Pol Alumínio Nylon";"Motores para portões";"Intelbras";"";"un";"321,61";"EXSAT"
"4661502";"Automatizador de Portão BC 500 220V Intelbras";"Motores para portões";"Intelbras";"";"un";"373,04";"EXSAT"
"R-16731";"Tampa de Acionador DZ Nano - Proteção e Estilo para seu Motor";"Motores para portões";"Intelbras";"";"un";"49,90";"EXSAT"
"000000000010007243";"Motor Deslizante Light 800 i-HS 220V SPT4K Nice - Alta Velocidade e Desempenho";"Motores para portões";"Intelbras";"";"un";"1300,00";"EXSAT"
"4540005";"Controle Remoto XAC 4000 SMART CONT Intelbras";"Acessórios Controle de Acesso";"Intelbras";"";"un";"25,00";"EXSAT"
"4502000";"Telefone Terminal de Portaria TP-2000";"Acessórios Controle de Acesso";"Intelbras";"";"un";"188,83";"EXSAT"
"4675003";"Acionador de Saída Inox Sobrepor com Caixa BT 3000 IN";"Acessórios Controle de Acesso";"Intelbras";"";"un";"80,64";"EXSAT"
"4681027";"Leitor de Cartão RFID UHF LE 170";"Acessórios Controle de Acesso";"Intelbras";"";"un";"2119,64";"EXSAT"
"4681020";"Leitor de Cartão RFID PROX LE 130 MF";"Acessórios Controle de Acesso";"Intelbras";"";"un";"259,84";"EXSAT"
"4675020";"ACIONADOR ABERTURA SOBREPOR BT 2001";"Acessórios Controle de Acesso";"Intelbras";"";"un";"41,41";"EXSAT"
"4682071";"Controlador de Acesso CT 3000 4PB";"Acessórios Controle de Acesso";"Intelbras";"";"un";"1817,82";"EXSAT"
"4684013";"Etiqueta de Acionamento RFID Veicular 900 MHz TH 3020 UHF";"Acessórios Controle de Acesso";"Intelbras";"";"un";"12,53";"EXSAT"
"4543513";"Controle Remoto Preto XAC 8000";"Acessórios Controle de Acesso";"Intelbras";"";"un";"81,18";"EXSAT"
"4820093";"Fonte de Alimentação Ininterrupta FA 1250S 5A";"Fontes de Alimentação";"Intelbras";"";"un";"239,90";"EXSAT"
"4663004";"Sensor de Presença RP 100 Intelbras";"Acessórios e Peças";"Intelbras";"";"un";"295,40";"EXSAT"
"7898931199572";"Conjunto Fim de Curso DZ 3 Vias";"Acessórios e Peças";"Intelbras";"";"un";"18,20";"EXSAT"
"4665023";"Placa Auxiliar Automatizador de Portão CA1000 Intelbras";"Acessórios e Peças";"Intelbras";"";"un";"33,81";"EXSAT"
"4500050";"Módulo Acionamento XFE 1000 Controle FCI B89B4812";"Módulos";"Intelbras";"";"un";"146,82";"EXSAT"
"4670630";"Fechadura Digital FR630 Push & Pull com Biometria";"Fechadura Digital";"Intelbras";"";"un";"2516,29";"EXSAT"
"4670100";"Fechadura Digital FD 1000 Intelbras";"Fechadura Digital";"Intelbras";"";"un";"299,00";"EXSAT"
"4670200";"Fechadura Digital FD 2000 Intelbras";"Fechadura Digital";"Intelbras";"";"un";"539,07";"EXSAT"
"4670024";"Fechadura Smart de Sobrepor IFR 2020";"Fechadura Digital";"Intelbras";"";"un";"1090,90";"EXSAT"
"4670028";"Fechadura Digital Smart de Sobrepor MFR 1001";"Fechadura Digital";"Intelbras";"";"un";"386,44";"EXSAT"
"4670027";"Fechadura Inteligente Vidro MFR 4000";"Fechadura Digital";"Intelbras";"";"un";"794,60";"EXSAT"
"4670037";"Fechadura Digital MFD 7000 Intelbras Embutir Biometria Senha";"Fechadura Digital";"Intelbras";"";"un";"1231,55";"EXSAT"
"4520046";"Videoporteiro Wi-Fi Allo wT7";"Videoporteiro";"Intelbras";"";"un";"1923,12";"EXSAT"
"4500043";"VIDEO PORTEIRO EXTERNO FACIAL XPE 3200 PLUS IP";"Videoporteiro";"Intelbras";"";"un";"2386,21";"EXSAT"
"4520054";"Videoporteiro com Monofone IVR 7 ID";"Videoporteiro";"Intelbras";"";"un";"988,22";"EXSAT"
"4520041";"MODULO INTERNO VIDEOPORTEIRO IP MVW 7000 MI";"Videoporteiro";"Intelbras";"";"un";"1038,39";"EXSAT"
"4390521";"Extensão Porteiro Residencial Intelbras IPR 8000 IN";"Porteiro Eletrônico";"Intelbras";"";"un";"102,44";"EXSAT"
"4500006";"Porteiro Externo XPE 1001 IP";"Porteiro Eletrônico";"Intelbras";"";"un";"1718,92";"EXSAT"
"4504502";"Terminal Dedicado Porteiro Eletrônico XPE 1013 FIT";"Porteiro Eletrônico";"Intelbras";"";"un";"292,21";"EXSAT"
"4504504";"Terminal Dedicado Porteiro XPE 1013 FIT ID";"Porteiro Eletrônico";"Intelbras";"";"un";"509,79";"EXSAT"
"4508001";"Terminal Dedicado Porteiro XPE 1013 BIO";"Porteiro Eletrônico";"Intelbras";"";"un";"832,49";"EXSAT"
"4520005";"Porteiro Residencial IPR 1010 ID Intelbras";"Porteiro Eletrônico";"Intelbras";"";"un";"253,40";"EXSAT"
"4682074";"CONTROLADOR DE ACESSO SS 3530 MF FACE";"Controlador de Acesso";"Intelbras";"";"un";"1259,00";"EXSAT"
"4682065";"Controlador de Acesso SS 3420 MF Bio";"Controlador de Acesso";"Intelbras";"";"un";"1196,25";"EXSAT"
"4680052";"Controlador de Acesso Facial SS 1530 MF W";"Controlador de Acesso";"Intelbras";"";"un";"949,30";"EXSAT"
"4680058";"Controlador De Acesso Facial SS 1540 MF W Intelbras";"Controlador de Acesso";"Intelbras";"";"un";"1160,25";"EXSAT"
"4680259";"Controlador De Acesso Ss 3532 Mf Intelbras";"Controlador de Acesso";"Intelbras";"";"un";"1260,00";"EXSAT"
"4680258";"Controlador De Acesso SS 3542 MF W Intelbras";"Controlador de Acesso";"Intelbras";"";"un";"1466,44";"EXSAT"
"4500028";"Central Coletiva Collective 12i";"Central Coletiva";"Intelbras";"";"un";"810,65";"EXSAT"
"4679020";"Fechadura Elétrica de Sobrepor FX2000 Cinza Cilindro Ajustável";"Fechadura Elétrica";"Intelbras";"";"un";"314,57";"EXSAT"
"4679015";"Fechadura Elétrica FX 2000 Inox";"Fechadura Elétrica";"Intelbras";"";"un";"400,90";"EXSAT"
"4661701";"Cremalheira de Aço com Gomos de Nylon 1,0M";"Cremalheira";"Intelbras";"";"un";"44,92";"EXSAT"
"4671210";"Suporte para Porta de Vidro SV 21150 D";"Acessórios para Fechaduras";"Intelbras";"";"un";"120,01";"EXSAT"
"4671098";"Suporte para Porta de Vidro SV 20150";"Fechadura Eletroímã";"Intelbras";"";"un";"128,57";"EXSAT"
"4671200";"Fechadura Eletroímã FE 21150 D sem Sensor";"Fechadura Eletroímã";"Intelbras";"";"un";"286,15";"EXSAT"
"4680300";"Controlador Acesso SS 3532 MF Intelbras Bio-T";"Leitores e Coletores";"Intelbras";"";"un";"895,00";"EXSAT"
"4660167";"Catraca CAP 3000 Intelbras Reconhecimento Facial";"Catracas";"Intelbras";"";"un";"7257,04";"EXSAT"
"4810018";"Balun Passivo de Vídeo VB 301 P Intelbras";"Balun";"Intelbras";"";"un";"15,84";"EXSAT"
"4568008";"Caixa Plástica de Passagem VBOX 1100 Intelbras";"Caixa de Passagem";"Intelbras";"";"un";"7,45";"EXSAT"
"4560052";"Câmera Bullet VHL 1120 B G2 Intelbras HD 720p CFTV Externa";"Câmera HDVCI";"Intelbras";"";"un";"90,99";"EXSAT"
"4810042";"Balun Passivo VB 501 P G2 Intelbras";"Balun";"Intelbras";"";"un";"20,50";"EXSAT"
"4560050";"VBOX 1000 Mini Caixa de Passagem para CFTV";"Caixa de Passagem";"Intelbras";"";"un";"5,09";"EXSAT"
"4810039";"Balun Passivo de Vídeo VB 500 P G2 Intelbras";"Balun";"Intelbras";"";"un";"18,69";"EXSAT"
"4568005";"Conector P4 Macho para Câmera de Segurança Intelbras CONEX 1000";"Conectores e Pinos";"Intelbras";"";"un";"19,14";"EXSAT"
"4820033";"Fonte de Alimentação AC/DC 12,8V 2A EF 1202";"Fontes de Alimentação";"Intelbras";"";"un";"54,85";"EXSAT"
"4820042";"Fonte Nobreak Ininterrupta 12V 1A EFB 1201 com Bateria";"Fontes de Alimentação";"Intelbras";"";"un";"126,90";"EXSAT"
"4820012";"Fonte de Alimentação AC/DC 12,8V 3A EF 1203 Intelbras";"Fontes de Alimentação";"Intelbras";"";"un";"68,64";"EXSAT"
"4560054";"Câmera CFTV VHD 3220 D Full Color Intelbras";"Câmera Multi HD";"Intelbras";"";"un";"190,17";"EXSAT"
"4820044";"Fonte de Alimentação EF 1201L 12,8V 1A AC/DC";"Fontes de Alimentação";"Intelbras";"";"un";"17,48";"EXSAT"
"4610521";"Acionador Manual Endereçável AME521 Intelbras";"Acionadores e Sinalizadores";"Intelbras";"";"un";"73,63";"EXSAT"
"4541073";"Sensor Iv 1000 Pet Intelbras Com Fio";"Sensores";"Intelbras";"";"un";"110,70";"EXSAT"
"4560057";"Câmera CFTV Bullet VHD 1120 B Full Color";"Câmera Multi HD";"Intelbras";"";"un";"129,92";"EXSAT"
"4565514";"Câmera de Vídeo Wi-Fi Full HD iMX C";"Câmeras Wifi";"Intelbras";"";"un";"179,90";"EXSAT"
"4820011";"Fonte de Alimentação AC/DC 12,8V 5A Modelo EF 1205";"Fontes de Alimentação";"Intelbras";"";"un";"85,38";"EXSAT"
"7899658705138";"Cabo Condutti 2 Pares x 24AWG 50 CCA Multicores Branco 100m";"Cabeamento para CFTV";"Intelbras";"";"un";"59,00";"EXSAT"
"4540040";"Sensor Magnético de Abertura XAS 4010 SMART Sem Fio Intelbras";"Sensores";"Intelbras";"";"un";"37,50";"EXSAT"
"4541012";"Sensor de Movimento Infravermelho Passivo IVP 5001 PET";"Sensores";"Intelbras";"";"un";"53,30";"EXSAT"
"4541071";"Sensor de Movimento Infravermelho Passivo IVP 1000 PET";"Sensores";"Intelbras";"";"un";"39,93";"EXSAT"
"4820020";"Fonte de Alimentação AC/DC 12,8V 5A EF 1205+ Intelbras";"Fontes de Alimentação";"Intelbras";"";"un";"97,07";"EXSAT"
"4560053";"CAMERA BULLET VHD 3220 B FULL COLOR";"Câmera Multi HD";"Intelbras";"";"un";"197,80";"EXSAT"
"4570037";"Câmera IP de Vídeo Bullet VIPW 1430 B";"Câmeras Wifi";"Intelbras";"";"un";"270,70";"EXSAT"
"4568011";"Conector para Câmera CFTV Conex 3000 P4 Macho Fast";"Conectores e Pinos";"Intelbras";"";"un";"29,99";"EXSAT"
"4560036";"Câmera CFTV Intelbras VHD 3130 B G7";"Câmera Multi HD";"Intelbras";"";"un";"140,00";"EXSAT"
"4820079";"Fonte 12,8V 10A AC/DC EFM 1210 G2 Intelbras";"Fontes de Alimentação";"Intelbras";"";"un";"94,39";"EXSAT"
"7899658705824";"Cabo Coaxial Série 6 75 &#937; 90 % Condutti RL100M | Homologado ANATEL";"Cabeamento para CFTV";"Intelbras";"";"un";"129,00";"EXSAT"
"4541045";"Sensor de Barreira Infravermelho Ativo IVA 5040 AT";"Sensores";"Intelbras";"";"un";"153,59";"EXSAT"
"4540012";"Receptor Universal XAR 3060";"Acessórios para Alarmes";"Intelbras";"";"un";"93,92";"EXSAT"
"4560096";"Câmera Bullet VHD 1220 B FC+ Intelbras Full HD";"Câmera Multi HD";"Intelbras";"";"un";"152,50";"EXSAT"
"4568017";"Caixa Plástica de Passagem VBOX 1100 BLACK";"Caixa de Passagem";"Intelbras";"";"un";"8,36";"EXSAT"
"4540020";"Teclado de Alarme XAT 3000 LED Intelbras";"Acessórios para Alarmes";"Intelbras";"";"un";"72,00";"EXSAT"
"4560089";"Câmera Dome VHD 1220 D Intelbras Full HD 2MP Multi HD CFTV";"Câmera Multi HD";"Intelbras";"";"un";"110,00";"EXSAT"
"4543545";"Sirene com Fio Piezoelétrica SIR 1000 Preta 105dB";"Sirenes";"Intelbras";"";"un";"25,47";"EXSAT"
"4541053";"Sensor de Barreira Infravermelho Ativo IVA 5015 Digital";"Sensores";"Intelbras";"";"un";"89,25";"EXSAT"
"4610523";"Sinalizador Audiovisual Endereçável SAV 521E Intelbras";"Acionadores e Sinalizadores";"Intelbras";"";"un";"114,80";"EXSAT"
"4541032";"Sensor Magnético Sem Fio XAS 8000";"Sensores";"Intelbras";"";"un";"123,80";"EXSAT"
"4600075";"Disco Rígido WD Purple 2TB para CFTV";"HD para CFTV";"Intelbras";"";"un";"899,99";"EXSAT"
"4565801";"Conversor Estático DC/DC XHD 1000 Intelbras";"Cabeamento para CFTV";"Intelbras";"";"un";"47,45";"EXSAT"
"4565511";"Câmera de Vídeo Wi-Fi Full HD iM5 SC";"Câmeras Wifi";"Intelbras";"";"un";"249,90";"EXSAT"
"4570004";"Câmera Bullet IP VIP 3240 B IA G2 Intelbras";"Câmeras IP";"Intelbras";"";"un";"759,16";"EXSAT"
"4600164";"Cartão microSD 128GB WD Purple para Segurança";"Cartão de Memória CFTV";"Intelbras";"";"un";"675,80";"EXSAT"
"4610522";"Acionador Manual Endereçável com Sirene Intelbras AME 522";"Acionadores e Sinalizadores";"Intelbras";"";"un";"89,09";"EXSAT"
"4008013";"Sensor de Movimento Infravermelho Passivo PET IVP-3000 Intelbras";"Sensores";"Intelbras";"";"un";"91,16";"EXSAT"
"4541011";"Sensor de Movimento Infravermelho IVP 5002 PET Intelbras";"Sensores";"Intelbras";"";"un";"79,54";"EXSAT"
"4580645";"MHDX 3104-C Gravador de Vídeo Multi HD 4 Canais Intelbras";"DVR Stand Alone 4 canais";"Intelbras";"";"un";"411,01";"EXSAT"
"4610038";"Modulo de Entrada ou Saida MIO 521 V2 Intelbras";"Acionadores e Sinalizadores";"Intelbras";"";"un";"165,19";"EXSAT"
"4610041";"Isolador De Laço IDL 521 V2 Intelbras Segurança";"Acessórios para Alarmes";"Intelbras";"";"un";"91,09";"EXSAT"
"4811001";"Transformador Balun Passivo de Vídeo VB 1001 WP";"Balun";"Intelbras";"";"un";"82,25";"EXSAT"
"4540035";"Expansor de Zonas XEZ 4008 SMART Intelbras";"Acessórios para Alarmes";"Intelbras";"";"un";"252,50";"EXSAT"
"4540047";"Sensor de Movimento Infravermelho IVP 3011 Cortina";"Sensores";"Intelbras";"";"un";"59,21";"EXSAT"
"4580130";"Gravador Digital 16 Canais Intelbras MHDX 3116-C";"DVR Stand Alone 16 canais";"Intelbras";"";"un";"1028,28";"EXSAT"
"4830053";"Cabo Coaxial Bipolar 67% BR CX100M Intelbras";"Cabeamento para CFTV";"Intelbras";"";"un";"100,06";"EXSAT"
"4390176";"Central de Alarme Monitorada AMT 2018 EG IP GPRS";"Alarmes";"Intelbras";"";"un";"848,79";"EXSAT"
"4390179";"Central de Alarme Monitorada AMT-2018 E";"Alarmes";"Intelbras";"";"un";"546,90";"EXSAT"
"4543584";"Módulo GSM para Central de Alarme Intrusão XG 4G";"Alarmes";"Intelbras";"";"un";"314,23";"EXSAT"
"4541035";"Sensor de Movimento Infravermelho Passivo IVP 8000 PET CAM";"Sensores";"Intelbras";"";"un";"295,52";"EXSAT"
"4543514";"Sirene Sem Fio XSS 8000 Intelbras";"Sirenes";"Intelbras";"";"un";"255,14";"EXSAT"
"4543512";"CENTRAL DE ALARME CONTRA ROUBO ANM 24NET";"Alarmes";"Intelbras";"";"un";"284,40";"EXSAT"
"4541014";"Sensor de Barreira Infravermelho Ativo IVA 3070 X";"Sensores";"Intelbras";"";"un";"186,63";"EXSAT"
"4550005";"Central Elétrica Intelbras ELC 5001";"Cerca Elétrica";"Intelbras";"";"un";"204,60";"EXSAT"
"4550006";"Cerca Elétrica Intelbras ELC 3012";"Cerca Elétrica";"Intelbras";"";"un";"219,13";"EXSAT"
"4550014";"Cerca Elétrica ELC 6012 NET Intelbras Wi-Fi";"Cerca Elétrica";"Intelbras";"";"un";"317,20";"EXSAT"
"4580776";"Gravador Digital de Vídeo MHDX 1116-C";"DVR Stand Alone 16 canais";"Intelbras";"";"un";"799,99";"EXSAT"
"4820028";"Fonte de Alimentação Ininterrupta FA1220S 2A AC/DC com Bateria";"Acessórios para Alarmes";"Intelbras";"";"un";"254,90";"EXSAT"
"4540014";"MODULO CTAL INTRUSAO XEG 4010 3G";"Alarmes";"Intelbras";"";"un";"689,00";"EXSAT"
"4560031";"Camera CFTV Bullet VHD 1015 B G7";"Câmera Multi HD";"Intelbras";"";"un";"108,00";"EXSAT"
"4543509";"Central de Alarme Contra Roubo Intelbras AMT 1016 NET";"Alarmes";"Intelbras";"";"un";"387,52";"EXSAT"
"4543558";"Expansor de Zonas XEZ 4108 SMART";"Alarmes";"Intelbras";"";"un";"251,70";"EXSAT"
"4543578";"Central de Alarme Intelbras AMT 2018 E SMART";"Alarmes";"Intelbras";"";"un";"515,60";"EXSAT"
"4540083";"Sensor de Movimento Passivo Sem Fio IVP 5000 Smart LD";"Sensores";"Intelbras";"";"un";"126,00";"EXSAT"
"4600162";"Cartão Micro SD 32GB WD Purple para Segurança Eletrônica";"Cartão de Memória CFTV";"Intelbras";"";"un";"185,93";"EXSAT"
"4540094";"Sensor de Barreira Infravermelho Ativo IVA 8040 AT";"Sensores";"Intelbras";"";"un";"949,89";"EXSAT"
"4565611";"Câmera Wi-Fi Full HD IM5 SC com MicroSD 32GB";"Câmeras Wifi";"Intelbras";"";"un";"399,90";"EXSAT"
"4811008";"POWER VIDEO BALUN 8 CANAIS VB 1008 WP";"Balun";"Intelbras";"";"un";"807,85";"EXSAT"
"4820018";"Fonte de Alimentação AC/DC 12,8V 3A EF 1203+";"Fontes de Alimentação";"Intelbras";"";"un";"93,31";"EXSAT"
"FS-427";"Abraçadeira 4mm x 20cm Branca - Pacote com 100 Peças";"Acessórios Diversos";"Intelbras";"";"un";"14,40";"EXSAT"
"4581013";"Gravador Dig 08 Canais NVD 1408 Intelbras";"NVR 8 Canais";"Intelbras";"";"un";"590,98";"EXSAT"
"4610421";"Acionador Manual Convencional AMC 421 Intelbras";"Acionadores e Sinalizadores";"Intelbras";"";"un";"39,53";"EXSAT"
"4543511";"Modulo GPRS XAG 8000";"Acessórios para Alarmes";"Intelbras";"";"un";"259,23";"EXSAT"
"4610426";"Detector de Temperatura Convencional Universal DTC 421";"Detectores Convencionais";"Intelbras";"";"un";"72,38";"EXSAT"
"4610425";"Detector de Fumaça Convencional Universal DFC421";"Detectores Convencionais";"Intelbras";"";"un";"54,44";"EXSAT"
"4543549";"Sirene Magnética 120 dB SIR 3000 Preta";"Sirenes";"Intelbras";"";"un";"70,34";"EXSAT"
"4549001";"Lente Fresnel Sensor IVP 3000 PET";"Sensores";"Intelbras";"";"un";"19,08";"EXSAT"
"4568006";"Conector para Câmera de Segurança CONEX 1000 BNC Borne Intelbras";"Conectores e Pinos";"Intelbras";"";"un";"30,59";"EXSAT"
"4540043";"Modulo GPRS XG 4000 SMART";"Alarmes";"Intelbras";"";"un";"259,23";"EXSAT"
"4543516";"Central de Alarme Sem Fio Contra Roubo AMT 8000";"Alarmes";"Intelbras";"";"un";"593,12";"EXSAT"
"4541039";"Sensor de Barreira Infravermelho Ativo IVA 7100 Quad";"Sensores";"Intelbras";"";"un";"349,90";"EXSAT"
"4540089";"SENSOR INFRAVERMELHO PASSIVO C/FIO IVP 5000 LD";"Sensores";"Intelbras";"";"un";"49,25";"EXSAT"
"4570001";"Câmera Dome IP VIP 1220 D Full Color G4";"Câmeras IP";"Intelbras";"";"un";"229,90";"EXSAT"
"4770337";"Mini Rack Montado 3U 370mm MRM 337";"Rack para CFTV";"Intelbras";"";"un";"223,82";"EXSAT"
"4541057";"Suporte Articulado Universal XSA 1000";"Acessórios para Alarmes";"Intelbras";"";"un";"15,42";"EXSAT"
"4540055";"Central de Alarme AMT 1000 SMART Intelbras";"Alarmes";"Intelbras";"";"un";"334,12";"EXSAT"
"4541038";"SENSOR ATIVO IVA 7100 DUAL";"Sensores";"Intelbras";"";"un";"249,49";"EXSAT"
"4541019";"Sensor de Movimento Infravermelho Passivo IVP 5311 MW PET";"Sensores";"Intelbras";"";"un";"132,02";"EXSAT"
"4540053";"Sensor Passivo com Fio IVP 7000 MW EX";"Sensores";"Intelbras";"";"un";"315,70";"EXSAT"
"4565341";"Câmera CFTV Dome VHD 3230 D VF G6";"Câmera Multi HD";"Intelbras";"";"un";"415,00";"EXSAT"
"4570028";"Câmera IP de Vídeo Intelbras VIPW 1300 MINI SD";"Câmeras Wifi";"Intelbras";"";"un";"253,65";"EXSAT"
"4570023";"Câmera Ip Bullet Vip 3830 Ia Intelbras 8Mp CFTV Externa";"Câmeras IP";"Intelbras";"";"un";"1373,80";"EXSAT"
"4560047";"Câmera CFTV Analógica VHD 5240 Dual Color";"Câmera HDVCI";"Intelbras";"";"un";"249,99";"EXSAT"
"4568007";"Conector para Alimentação de Câmera CFTV P4 Fêmea Intelbras";"Conectores e Pinos";"Intelbras";"";"un";"20,68";"EXSAT"
"4770035";"Caixa Organizadora para CFTV Branca COC 4038B";"Rack para CFTV";"Intelbras";"";"un";"170,22";"EXSAT"
"4830050";"Cabo CFTV 4PX24 AWG 300M Intelbras";"Cabeamento para CFTV";"Intelbras";"";"un";"260,65";"EXSAT"
"4581005";"Gravador Dig 16 Canais INVD 1016 AM Intelbras";"NVR 16 Canais";"Intelbras";"";"un";"1274,22";"EXSAT"
"4613100";"Detector de Fumaça Linear DFL 3100";"Detectores Endereçáveis";"Intelbras";"";"un";"1841,71";"EXSAT"
"4610466";"Acionador Manual Convencional AMC 466";"Acionadores e Sinalizadores";"Intelbras";"";"un";"170,91";"EXSAT"
"4540013";"Receptor XAR 4000 SMART Intelbras";"Acessórios para Alarmes";"Intelbras";"";"un";"66,91";"EXSAT"
"4543515";"Teclado Sem Fio para Centrais de Alarme Intelbras XAT 8000";"Acessórios para Alarmes";"Intelbras";"";"un";"313,29";"EXSAT"
"4543548";"Sirene 120 dB SIR 3000 Branca";"Sirenes";"Intelbras";"";"un";"70,34";"EXSAT"
"4950349";"Antena Omnidir ANT-2547V Intelbras 5 dBi 2.4 GHz";"Segurança Eletrônica";"Intelbras";"";"un";"611,96";"EXSAT"
"4570101";"Testador Multifuncional para CFTV Tester 3000 MT";"Acessórios SEG";"Intelbras";"";"un";"1787,76";"EXSAT"
"4390163";"Central de Alarme AMT-2008 (F-70) Intel";"Alarmes";"Intelbras";"";"un";"241,87";"EXSAT"
"4543590";"Central de Alarme AMT 8000 LITE";"Alarmes";"Intelbras";"";"un";"514,57";"EXSAT"
"4390167";"Sensor Infravermelho Sem Fio IVP 2000 SF";"Sensores";"Intelbras";"";"un";"68,33";"EXSAT"
"4008012";"SENSOR PASSIVO IVP 3000 MICROONDAS";"Sensores";"Intelbras";"";"un";"134,88";"EXSAT"
"4541015";"Sensor de Barreira Infravermelho Ativo IVA 3110 X";"Sensores";"Intelbras";"";"un";"196,33";"EXSAT"
"4541037";"Sensor Magnético Com Fio XAS Sobrepor Intelbras";"Sensores";"Intelbras";"";"un";"68,18";"EXSAT"
"4541031";"SENSOR MAGNETICO COM FIO XAS PORTA DE ACO";"Sensores";"Intelbras";"";"un";"62,57";"EXSAT"
"4620000";"Detector de Fumaça Autônomo DFA 620";"Sensores";"Intelbras";"";"un";"68,20";"EXSAT"
"4541034";"Sensor de Movimento Infravermelho Sem Fio IVP 8000 PET";"Sensores";"Intelbras";"";"un";"119,99";"EXSAT"
"4541041";"Sensor de Movimento Infravermelho Passivo Sem Fio IVP 8000 EX";"Sensores";"Intelbras";"";"un";"414,90";"EXSAT"
"4823013";"Sensor de Presença para Iluminação ESPi 360A";"Sensores";"Intelbras";"";"un";"19,66";"EXSAT"
"4541070";"Sensor de Movimento Infravermelho IVP 5301 PET PRO";"Sensores";"Intelbras";"";"un";"54,88";"EXSAT"
"4541046";"Sensor Ativo Infrared IVA 5080 AT";"Sensores";"Intelbras";"";"un";"213,92";"EXSAT"
"4541072";"Sensor Infra Passivo IVP 1000 PET SF Intelbras";"Sensores";"Intelbras";"";"un";"82,80";"EXSAT"
"4541064";"Sensor Infravermelho Passivo com Fio IVP 9000 MW Mask Intelbras";"Sensores";"Intelbras";"";"un";"248,24";"EXSAT"
"4540097";"Sensor IR Pass S/Fio IVP 7000 Smart EX Intelbras";"Sensores";"Intelbras";"";"un";"365,40";"EXSAT"
"4581156";"Gravador Digital Intelbras MHDX 1104-C com SSD 512GB";"DVR Stand Alone 4 canais";"Intelbras";"";"un";"634,61";"EXSAT"
"4581038";"Gravador de Vídeo MHDX 1104-C 4 Canais HD 1TB";"DVR Stand Alone 4 canais";"Intelbras";"";"un";"1049,00";"EXSAT"
"4581160";"Gravador Digital de Vídeo Intelbras MHDX 1304 SSD 512GB";"DVR Stand Alone 4 canais";"Intelbras";"";"un";"685,91";"EXSAT"
"4581039";"Gravador MHDX 1104-C Intelbras 4 Canais Digital";"DVR Stand Alone 4 canais";"Intelbras";"";"un";"366,71";"EXSAT"
"4581051";"Gravador MHDX 1304 Intelbras 4 Canais Multi HD";"DVR Stand Alone 4 canais";"Intelbras";"";"un";"385,13";"EXSAT"
"4581082";"Gravador MHDX 1304 Intelbras 4 Canais 1TB HD";"DVR Stand Alone 4 canais";"Intelbras";"";"un";"1083,08";"EXSAT"
"4581155";"Gravador Digital MHDX 1108-C Intelbras 08 Canais";"DVR Stand Alone 8 canais";"Intelbras";"";"un";"775,43";"EXSAT"
"4581048";"Gravador de Vídeo Multi HD MHDX 1108-C HD 1TB";"DVR Stand Alone 8 canais";"Intelbras";"";"un";"1176,63";"EXSAT"
"4581040";"Gravador Digital de Vídeo 8 Canais MHDX 1108-C Intelbras";"DVR Stand Alone 8 canais";"Intelbras";"";"un";"504,01";"EXSAT"
"4581092";"Gravador Digital 8 Canais MHDX 1308";"DVR Stand Alone 8 canais";"Intelbras";"";"un";"572,15";"EXSAT"
"4581081";"Gravador Digital Intelbras MHDX 1108-C com HD 2TB";"DVR Stand Alone 8 canais";"Intelbras";"";"un";"1249,09";"EXSAT"
"4581093";"Gravador DIG 08 Canais MHDX 1308 HD 1TB Intelbras";"DVR Stand Alone 8 canais";"Intelbras";"";"un";"1270,10";"EXSAT"
"4581162";"Gravador Digital de Vídeo MHDX 1308 com SSD 512GB";"DVR Stand Alone 8 canais";"Intelbras";"";"un";"887,08";"EXSAT"
"4581097";"Gravador Digital 16 Canais Intelbras MHDX 1316";"DVR Stand Alone 16 canais";"Intelbras";"";"un";"773,42";"EXSAT"
"4581098";"Gravador Digital MHDX 1316 Full HD 16 Canais 1TB";"DVR Stand Alone 16 canais";"Intelbras";"";"un";"1471,37";"EXSAT"
"4580773";"Gravador Digital 16 Canais MHDX 1116 C Intelbras Cftv Hd";"DVR Stand Alone 16 canais";"Intelbras";"";"un";"1499,99";"EXSAT"
"4580760";"Gravador Digital de Vídeo Multi HD 32 Canais MHDX 1232";"DVR Stand Alone 32 canais";"Intelbras";"";"un";"2179,04";"EXSAT"
"4580467";"GRAVADOR DIG 32 CANAIS IMHDX 3132 Intelbras";"DVR Stand Alone 32 canais";"Intelbras";"";"un";"2813,65";"EXSAT"
"4560040";"Camera CFTV Bullet VHD 1230 B G7";"Câmera Multi HD";"Intelbras";"";"un";"148,47";"EXSAT"
"4565357";"Câmera CFTV Bullet Intelbras VHD 1530 B";"Câmera Multi HD";"Intelbras";"";"un";"254,49";"EXSAT"
"4560033";"Câmera CFTV Bullet Intelbras VHD 1130 B G7";"Câmera Multi HD";"Intelbras";"";"un";"117,26";"EXSAT"
"4560038";"Câmera CFTV Bullet VHD 3150 VF G7";"Câmera Multi HD";"Intelbras";"";"un";"323,45";"EXSAT"
"4560046";"Câmera Dome VHD 1220 D Full Color G7 Intelbras";"Câmera Multi HD";"Intelbras";"";"un";"146,79";"EXSAT"
"4560045";"Camera CFTV Bullet VHD 1220 B Full Color G7";"Câmera Multi HD";"Intelbras";"";"un";"152,93";"EXSAT"
"4560048";"Câmera CFTV Bullet VHD 3240 Full Color+";"Câmera Multi HD";"Intelbras";"";"un";"285,37";"EXSAT"
"4560090";"Câmera Bullet VHD 1230 B G8";"Câmera Multi HD";"Intelbras";"";"un";"117,26";"EXSAT"
"4565358";"Câmera Dome VHD 1520 D Intelbras 5MP IR 20m CFTV";"Câmera Multi HD";"Intelbras";"";"un";"238,75";"EXSAT"
"4560083";"Câmera Bullet VHD 1220 B Full Color Intelbras";"Câmera Multi HD";"Intelbras";"";"un";"152,93";"EXSAT"
"4560084";"Câmera Dome VHD 1220 D Full Color Intelbras";"Câmera Multi HD";"Intelbras";"";"un";"146,80";"EXSAT"
"4560085";"Câmera Dome VHD 1220 D MIC Intelbras Full HD Microfone";"Câmera Multi HD";"Intelbras";"";"un";"152,92";"EXSAT"
"4560077";"Câmera Dome Mini Metálica VHD 3220 MINI D G8 Branca";"Câmera Multi HD";"Intelbras";"";"un";"176,68";"EXSAT"
"4560082";"Câmera CFTV VHD 3220 MINI D G8 Black";"Câmera Multi HD";"Intelbras";"";"un";"252,40";"EXSAT"
"4600191";"Disco Rígido para CFTV WD Purple 10TB";"HD para CFTV";"Intelbras";"";"un";"3299,00";"EXSAT"
"4600076";"Disco Rígido WD Purple 4TB para CFTV";"HD para CFTV";"Intelbras";"";"un";"1249,90";"EXSAT"
"4600097";"Disco Rígido WD Purple 8TB CFTV";"HD para CFTV";"Intelbras";"";"un";"2399,00";"EXSAT"
"4600074";"Disco Rígido WD Purple 1TB para CFTV";"HD para CFTV";"Intelbras";"";"un";"750,00";"EXSAT"
"4565610";"Câmera Wi-Fi Full HD iM4 C com MicroSD 32GB";"Câmeras Wifi";"Intelbras";"";"un";"350,00";"EXSAT"
"4565510";"Câmera de Vídeo Wi-Fi Full HD iM4 C";"Câmeras Wifi";"Intelbras";"";"un";"299,00";"EXSAT"
"4565515";"Câmera de Vídeo Wi-Fi Full HD iMX C Black";"Câmeras Wifi";"Intelbras";"";"un";"179,90";"EXSAT"
"4565704";"Câmera de Vídeo Wi-Fi Smart IZC 1005 Full HD";"Câmeras Wifi";"Intelbras";"";"un";"413,91";"EXSAT"
"4565505";"Câmera de Vídeo Wi-Fi Full HD iM5+ Full Color";"Câmeras Wifi";"Intelbras";"";"un";"329,90";"EXSAT"
"4590022";"Câmera Externa Inteligente Full HD Wi-Fi Full Color iM7-S 32GB";"Câmeras Wifi";"Intelbras";"";"un";"449,90";"EXSAT"
"4590014";"Câmera Mibo Infra 360 Graus Wi-Fi IM6 Full Color Intelbras";"Câmeras Wifi";"Intelbras";"";"un";"436,16";"EXSAT"
"4560161";"Câmera IM9+ Full Color Intelbras 3MP Wi-Fi Externa";"Câmeras Wifi";"Intelbras";"";"un";"1063,90";"EXSAT"
"4560070";"Câmera de Segurança Wi-Fi iM7+ Zoom Full Color Intelbras";"Câmeras Wifi";"Intelbras";"";"un";"599,90";"EXSAT"
"4564037";"Câmera Dome IP VIP 1430 D G2";"Câmeras IP";"Intelbras";"";"un";"502,92";"EXSAT"
"4564069";"CAMERA DOME IP VIP 3230 D SL G3 Intelbras";"Câmeras IP";"Intelbras";"";"un";"576,16";"EXSAT"
"4570002";"Câmera Bullet IP VIP 1220 B Full Color G4 Intelbras";"Câmeras IP";"Intelbras";"";"un";"299,00";"EXSAT"
"4564066";"Câmera Bullet IP VIP 1230 B G4";"Câmeras IP";"Intelbras";"";"un";"277,56";"EXSAT"
"4564058";"Câmera CFTV IP Bullet VIP 1230 B Black G4";"Câmeras IP";"Intelbras";"";"un";"281,93";"EXSAT"
"4570031";"Câmera CFTV IP Intelbras VIP 1220 FC+";"Câmeras IP";"Intelbras";"";"un";"391,36";"EXSAT"
"4570041";"Câmera CFTV Bullet VIPC 1230 B G2";"Câmeras IP";"Intelbras";"";"un";"225,65";"EXSAT"
"4570044";"Câmera IP Bullet VIPC 1430 B";"Câmeras IP";"Intelbras";"";"un";"399,00";"EXSAT"
"4570009";"Camera Ip Vip 3216 Sd Ir Ia Intelbras Starlight";"Câmeras IP";"Intelbras";"";"un";"3238,44";"EXSAT"
"4570019";"Câmera Bullet VIP 3260 Z IA Intelbras IP 2MP";"Câmeras IP";"Intelbras";"";"un";"895,76";"EXSAT"
"4570046";"Câmera Ip Dome Vip 1230 D G5 Intelbras 2mp Cftv Poe Ir 30m";"Câmeras IP";"Intelbras";"";"un";"258,13";"EXSAT"
"4570045";"Câmera Infra IP VIP 1230 B IR 30M Lente 3.6mm Full HD G5 Intelbras";"Câmeras IP";"Intelbras";"";"un";"258,13";"EXSAT"
"4570032";"Câmera Vip 5440 IA Intelbras IP 4MP Segurança";"Câmeras IP";"Intelbras";"";"un";"1259,74";"EXSAT"
"4565321";"VHL 1220 B G2 - Câmera Bullet CFTV Infravermelha";"Câmera HDVCI";"Intelbras";"";"un";"109,55";"EXSAT"
"4565320";"VHL 1220 D G2 Câmera Dome CFTV Full HD";"Câmera HDVCI";"Intelbras";"";"un";"99,00";"EXSAT"
"4560086";"Câmera Dome VHL 1220 D G8 Intelbras Full HD CFTV";"Câmera HDVCI";"Intelbras";"";"un";"90,85";"EXSAT"
"4810030";"Power Balun 16 Canais VB 3016 WP 4K";"Balun";"Intelbras";"";"un";"1595,14";"EXSAT"
"4810043";"Power Balun com Alimentação VB 1104 WP";"Balun";"Intelbras";"";"un";"386,26";"EXSAT"
"4810041";"Transformador Balun Passivo de Video VB 502 B G2";"Balun";"Intelbras";"";"un";"19,90";"EXSAT"
"4676010";"Fonte Ininterrupta 2A AC/DC FA1220S Intelbras";"Fontes de Alimentação";"Intelbras";"";"un";"140,41";"EXSAT"
"4820029";"Fonte de Alimentação 12V 0,5A AC/DC EF 1200";"Fontes de Alimentação";"Intelbras";"";"un";"12,54";"EXSAT"
"4820041";"Fonte Ininterrupta 2A AC/DC FA 1220S Mini";"Fontes de Alimentação";"Intelbras";"";"un";"115,36";"EXSAT"
"4820080";"Fonte de Alimentação EFM 1220 G2 12,8V 20A AC/DC";"Fontes de Alimentação";"Intelbras";"";"un";"189,24";"EXSAT"
"FS-466";"Abraçadeira 4mm x 20cm Preta - Pacote com 100 Peças";"Acessórios Diversos";"Intelbras";"";"un";"14,40";"EXSAT"
"FS-505";"PLUG P4 FEMEA COM BORNE FS-505 FASGOLD";"Conectores e Pinos";"Intelbras";"";"un";"7,33";"EXSAT"
"4770029";"Caixa Organizadora para CFTV Preta COC 4038P";"Rack para CFTV";"Intelbras";"";"un";"164,47";"EXSAT"
"4780073";"EXTENSOR HDMI + INFRAVERMELHO RX VEX 3120 IP RX";"Cabeamento para CFTV";"Intelbras";"";"un";"566,30";"EXSAT"
"4580788";"Gravador Dig 08 Canais NVD 1408 Intelbras";"NVR 8 Canais";"Intelbras";"";"un";"1172,30";"EXSAT"
"4580934";"Gravador Digital 16 Canais NVD 3316 P";"NVR 16 Canais";"Intelbras";"";"un";"2465,73";"EXSAT"
"4581176";"Gravador Digital 16 Canais INVD 3016 Intelbras Rede IA";"NVR 16 Canais";"Intelbras";"";"un";"2039,43";"EXSAT"
"4580785";"Gravador Dig 32 Canais NVD 1432 Intelbras";"NVR 32 Canais";"Intelbras";"";"un";"1714,60";"EXSAT"
"4613533";"Detector de Temperatura Endereçável DTE 521";"Detectores Endereçáveis";"Intelbras";"";"un";"100,59";"EXSAT"
"4613532";"Detector de Fumaça Endereçável DFE 521";"Detectores Endereçáveis";"Intelbras";"";"un";"88,97";"EXSAT"
"4611101";"Acionador Manual de Bomba de água AMB 3202";"Acionadores e Sinalizadores";"Intelbras";"";"un";"38,69";"EXSAT"
"4610037";"Modulo Zona MDZ 521 V2 Intelbras Incêndio Alarme";"Acionadores e Sinalizadores";"Intelbras";"";"un";"165,19";"EXSAT"
"4390170";"Controle Remoto XAC 2000 TX Preto";"Acessórios para Alarmes";"Intelbras";"";"un";"23,00";"EXSAT"
"4540041";"MODULO UNIVERSAL GPRS 1000 UN";"Acessórios para Alarmes";"Intelbras";"";"un";"376,06";"EXSAT"
"4540038";"Teclado para Centrais de Alarme XAT 4000 LCD";"Acessórios para Alarmes";"Intelbras";"";"un";"219,20";"EXSAT"
"AF00001414";"Wi-Fi N 300Mbps TL-WR840N TP-Link | Velocidade e Estabilidade";"Modens e Roteadores";"Intelbras";"";"un";"58,40";"EXSAT"
"4710033";"Conector de Campo óptico SC APC XFF 2CSI 10 Peças";"Passivos de Fibra";"Intelbras";"";"un";"46,18";"EXSAT"
"4780221";"Modem óptico HG6145D2";"Modens e Roteadores";"Intelbras";"";"un";"184,14";"EXSAT"
"4710013";"Conector de Campo para Fibra óptica SC/APC XFF 2 Kit 10 Peças";"Passivos de Fibra";"Intelbras";"";"un";"54,06";"EXSAT"
"4710028";"Conector RJ45 Fêmea 180° CAT 5E Keystone";"Conectores e Acessórios";"Intelbras";"";"un";"9,19";"EXSAT"
"4710026";"Conector de Fibra óptica Campo SC/APC XFF 2S";"Passivos de Fibra";"Intelbras";"";"un";"46,18";"EXSAT"
"4830162";"Cabo óptico Drop Compacto 1KM LSZH Intelbras";"Cabo Óptico";"Intelbras";"";"un";"599,99";"EXSAT"
"4568020";"Conector de Rede CONEX 1000 RJ45 CAT5E 50 Unidades";"Conectores e Acessórios";"Intelbras";"";"un";"27,92";"EXSAT"
"4710029";"Conector RJ45 Fêmea 90 CAT 6 Keystone Jack";"Conectores e Acessórios";"Intelbras";"";"un";"15,12";"EXSAT"
"4750134";"Roteador Wireless W6-1500";"Modens e Roteadores";"Intelbras";"";"un";"216,69";"EXSAT"
"4780060";"Suporte de ONU XFSO";"Passivos de Fibra";"Intelbras";"";"un";"2,49";"EXSAT"
"4780206";"Caixa de Emenda óptica XFCEO 4004M Intelbras";"Passivos de Fibra";"Intelbras";"";"un";"171,90";"EXSAT"
"10968";"Bandeja 24FO para caixa de emenda óptica CEO";"Passivos de Fibra";"Intelbras";"";"un";"6,99";"EXSAT"
"4780215";"Conjunto de Derivação para CEO de Vedação Mecânica XFCEO DM";"Passivos de Fibra";"Intelbras";"";"un";"11,99";"EXSAT"
"4830103";"Patch Cord U/UTP 4 Pares CAT.5e Vermelho 1,5 Metros";"Patch Cord";"Intelbras";"";"un";"17,56";"EXSAT"
"4710030";"Conector RJ45 Fêmea 180° CAT 6 Keystone Jack";"Conectores e Acessórios";"Intelbras";"";"un";"17,54";"EXSAT"
"4750215";"Roteador Wi-Fi 4 W4-300S";"Modens e Roteadores";"Intelbras";"";"un";"92,24";"EXSAT"
"4830037";"Patch Cord U/UTP 4P Categoria 5e Azul 2,0m";"Patch Cord";"Intelbras";"";"un";"16,94";"EXSAT"
"4780211";"Conjunto Bandeja Fusão para CEO Série 4000 XFCEO 4024BF";"Passivos de Fibra";"Intelbras";"";"un";"12,99";"EXSAT"
"4780213";"Conjunto Bandeja de Fusão para CEO Série 5000 XFCEO 5024BF";"Passivos de Fibra";"Intelbras";"";"un";"16,99";"EXSAT"
"10241";"Splitter Balanceado 1x8 SC APC";"Passivos de Fibra";"Intelbras";"";"un";"35,37";"EXSAT"
"4760070";"SWITCH 16P FAST POE 2P G 2P SFP SF 1822 HI-POE";"Switches Não Gerenciáveis";"Intelbras";"";"un";"1461,20";"EXSAT"
"4760125";"SWITCH 10 Portas Fast Ethernet PoE S1110F-P";"Switches Não Gerenciáveis";"Intelbras";"";"un";"423,87";"EXSAT"
"4710020";"Conector de Fibra óptica SC/APC XFF 2RS (10 Peças)";"Passivos de Fibra";"Intelbras";"";"un";"48,85";"EXSAT"
"4770003";"Bandeja Fixa de 1U de 290 mm";"Acessórios para Rack";"Intelbras";"";"un";"74,03";"EXSAT"
"4760132";"Switch Não Gerenciável Fast Ethernet 16 Portas S1116F";"Switches Não Gerenciáveis";"Intelbras";"";"un";"275,67";"EXSAT"
"4770004";"Organizador de Cabos para Rack 1U OCH1U 40mm Intelbras";"Acessórios para Rack";"Intelbras";"";"un";"57,22";"EXSAT"
"4750008";"Roteador Access Point Intelbras AP 310";"Modens e Roteadores";"Intelbras";"";"un";"338,96";"EXSAT"
"4750131";"Conjunto Roteador Wi-Fi Mesh Twibi Force AX";"Modens e Roteadores";"Intelbras";"";"un";"501,06";"EXSAT"
"4780047";"Caixa De Terminação óptica XFCT 1608S Intelbras";"Passivos de Fibra";"Intelbras";"";"un";"131,54";"EXSAT"
"4830007";"Cabo U/UTP Categoria CAT.6 Vermelho Intelbras";"Cabos de Rede";"Intelbras";"";"un";"1049,90";"EXSAT"
"4760069";"Switch 5P Fast 4 Portas PoE SF 500 Hi-PoE";"Switches Não Gerenciáveis";"Intelbras";"";"un";"416,21";"EXSAT"
"4780032";"Conversor Interface ETH GPON KPSD 1120G";"Passivos de Fibra";"Intelbras";"";"un";"220,25";"EXSAT"
"4760114";"Switch Não Gerenciável 16 Portas S1116G 1000Mbps";"Switches Não Gerenciáveis";"Intelbras";"";"un";"507,25";"EXSAT"
"4760128";"SWITCH NãO GERENCIáVEL PoE 18 PORTAS S1118F-PA";"Switches Não Gerenciáveis";"Intelbras";"";"un";"1021,70";"EXSAT"
"4770001";"BANDEJA FIXA P/RACK BF1U 400MM";"Acessórios para Rack";"Intelbras";"";"un";"117,88";"EXSAT"
"4750009";"Roteador Access Point Empresarial AP 360 Intelbras";"Modens e Roteadores";"Intelbras";"";"un";"539,76";"EXSAT"
"4760040";"Switch Não Gerenciável 9P SKD SF 900 Hi-PoE";"Switches Não Gerenciáveis";"Intelbras";"";"un";"631,69";"EXSAT"
"4760115";"SWITCH Não Gerenciável 24 Portas 1000Mbps S1124G";"Switches Não Gerenciáveis";"Intelbras";"";"un";"638,40";"EXSAT"
"4780050";"Conversor de Interface Ethernet para GPON KPSD 1120 G C+";"Passivos de Fibra";"Intelbras";"";"un";"235,00";"EXSAT"
"4780208";"Caixa de Emenda óptica XFCEO 5004T FITOSC";"Passivos de Fibra";"Intelbras";"";"un";"178,26";"EXSAT"
"4750107";"Roteador Access Point Corporativo AP 1250 AC Outdoor";"Modens e Roteadores";"Intelbras";"";"un";"861,54";"EXSAT"
"4750180";"Roteador Acesso 5 Portas R3005G Gigabit Ethernet";"Modens e Roteadores";"Intelbras";"";"un";"523,40";"EXSAT"
"4760120";"Switch 10P S1110G PA Intelbras Não Gerenciável Gigabit Poe";"Switches Não Gerenciáveis";"Intelbras";"";"un";"672,90";"EXSAT"
"4770537";"MINI RACK MONTADO 5U 370MM - MRM 537";"Racks e Acessorios";"Intelbras";"";"un";"250,76";"EXSAT"
"4780020";"Conversor de Mídia Gigabit Monomodo 20km KGS1120";"Passivos de Fibra";"Intelbras";"";"un";"310,00";"EXSAT"
"4760106";"Switch S 2328G-A Intelbras 24 Portas Gerenciável";"Switches Gerenciáveis";"Intelbras";"";"un";"1643,82";"EXSAT"
"4770857";"Mini Rack Desmontável 8U 570mm MRD 857 Intelbras";"Racks e Acessorios";"Intelbras";"";"un";"621,53";"EXSAT"
"4771257";"MINI RACK DESMONTáVEL 12U 570MM MRD 1257";"Racks e Acessorios";"Intelbras";"";"un";"683,16";"EXSAT"
"4830195";"Cabo óptico ASU80 6FO 3KM Compacto Intelbras";"Cabo Óptico";"Intelbras";"";"un";"4130,00";"EXSAT"
"4830194";"Cabo óptico Autossustentável ASU120 12FO 3KM SM Compac";"Cabo Óptico";"Intelbras";"";"un";"5490,00";"EXSAT"
"4830155";"Cabo óptico ASU80 12FO Intelbras 3KM CFOA-SM-ASU80";"Cabo Óptico";"Intelbras";"";"un";"4900,00";"EXSAT"
"4830121";"Cabo óptico Drop Compacto Bobina 2km CFOAC-BLI A/B-CM-01-FO-CO-LSZH Intelbras";"Cabo Óptico";"Intelbras";"";"un";"879,99";"EXSAT"
"4830190";"Cabo óptico ASU120 6FO Bobina 3KM CFOA-SM-ASU120-S-6FO-NR Intelbras";"Cabo Óptico";"Intelbras";"";"un";"4500,00";"EXSAT"
"4780016";"Conversor de Mídia Fast Mono 20km WDM-B";"Passivos de Fibra";"Intelbras";"";"un";"212,00";"EXSAT"
"4710012";"Adaptador óptico Simplex SC/UPC XFA 1";"Passivos de Fibra";"Intelbras";"";"un";"0,84";"EXSAT"
"4780051";"Conversor de Protocolos Fibra óptica ONU110B Intelbras";"Passivos de Fibra";"Intelbras";"";"un";"104,56";"EXSAT"
"4780010";"Conversor de Mídia Giga WDM Monomodo 1120B KGSD-20KM";"Passivos de Fibra";"Intelbras";"";"un";"385,00";"EXSAT"
"4780009";"Conversor Giga WDM Monomodo 1120A KGSD-20KM";"Passivos de Fibra";"Intelbras";"";"un";"385,00";"EXSAT"
"4830026";"Cabo óptico com Divisor PLC 1x16 SC/APC XFS 1162";"Passivos de Fibra";"Intelbras";"";"un";"74,99";"EXSAT"
"4830027";"Cabo óptico Splitter 1X32 SC/APC XFS 1322";"Passivos de Fibra";"Intelbras";"";"un";"154,79";"EXSAT"
"4780049";"Caixa de Terminação óptica CTO XFCT 1616S";"Passivos de Fibra";"Intelbras";"";"un";"178,01";"EXSAT"
"10192";"CTO 8FO SC APC Completa - Caixa de Terminação óptica";"Passivos de Fibra";"Intelbras";"";"un";"89,99";"EXSAT"
"10194";"Splitter óptico Balanceado 1x4 sem Conector";"Passivos de Fibra";"Intelbras";"";"un";"9,90";"EXSAT"
"4780025";"Concentrador de Interface de Dados OLT4840E";"Passivos de Fibra";"Intelbras";"";"un";"6388,37";"EXSAT"
"4710025";"Conector Fibra SC UPC XFF 1S Intelbras 10 Peças";"Passivos de Fibra";"Intelbras";"";"un";"46,18";"EXSAT"
"4780209";"Caixa de Emenda óptica XFCEO 4004T Fitosc";"Passivos de Fibra";"Intelbras";"";"un";"152,80";"EXSAT"
"4750060";"Roteador Wireless Outdoor 5GHz 16dBi WOM 5A";"Modens e Roteadores";"Intelbras";"";"un";"384,31";"EXSAT"
"4750090";"Conjunto Roteador Wireless CPE 5G 16 dBi WOM 5A MiMo";"Modens e Roteadores";"Intelbras";"";"un";"897,65";"EXSAT"
"4750077";"Roteador Wireless W5 - 1200F";"Modens e Roteadores";"Intelbras";"";"un";"158,52";"EXSAT"
"4750089";"Roteador Wireless Wi-Force W4-300F";"Modens e Roteadores";"Intelbras";"";"un";"113,25";"EXSAT"
"4750064";"Roteador Corporativo Sem Fio AP 1350 AC-S";"Modens e Roteadores";"Intelbras";"";"un";"634,36";"EXSAT"
"4780062";"Modem óptico PON 1P LAN ONU R1 Intelbras";"Modens e Roteadores";"Intelbras";"";"un";"94,89";"EXSAT"
"4750129";"Roteador Wi-Fi Mesh Twibi Force AX";"Modens e Roteadores";"Intelbras";"";"un";"261,44";"EXSAT"
"4710018";"Adaptador USB Wireless ACtion A1200";"Modens e Roteadores";"Intelbras";"";"un";"132,90";"EXSAT"
"4780189";"Modem óptico HG6145F3";"Modens e Roteadores";"Intelbras";"";"un";"310,82";"EXSAT"
"4710016";"ADAPTADOR USB WIRELESS IWA 3001";"Modens e Roteadores";"Intelbras";"";"un";"78,00";"EXSAT"
"4750207";"Roteador Wi-Fi SR1041E AX1500";"Modens e Roteadores";"Intelbras";"";"un";"221,89";"EXSAT"
"4780129";"Modem óptico HG6145F3 Wi-Fi 6";"Modens e Roteadores";"Intelbras";"";"un";"345,39";"EXSAT"
"4780160";"Modem óptico PON LAN 4P FXS 1P Intelbras HG6145D2";"Modens e Roteadores";"Intelbras";"";"un";"259,02";"EXSAT"
"4780188";"Modem óptico HG6145D2 Intelbras";"Modens e Roteadores";"Intelbras";"";"un";"194,26";"EXSAT"
"4750073";"Roteador Wireless RF 301K 300 Mbps";"Modens e Roteadores";"Intelbras";"";"un";"101,86";"EXSAT"
"4750201";"Roteador Wi-Fi W5-1200GS Intelbras Dual Band";"Modens e Roteadores";"Intelbras";"";"un";"187,73";"EXSAT"
"4750187";"Roteador Mesh Twibi Force Plug Giga Intelbras";"Modens e Roteadores";"Intelbras";"";"un";"197,93";"EXSAT"
"4760064";"Switch Gerenciável SG 1602 PoE Max 16 Portas";"Switches Gerenciáveis";"Intelbras";"";"un";"2172,56";"EXSAT"
"4760020";"Switch Não Gerenciável 8 Portas PoE SF 800 Q+";"Switches Não Gerenciáveis";"Intelbras";"";"un";"51,57";"EXSAT"
"4760079";"Switch Não Gerenciável 8 Portas SG 800 Q+ Intelbras";"Switches Não Gerenciáveis";"Intelbras";"";"un";"131,46";"EXSAT"
"4760089";"Switch Não Gerenciável 10P S1010F-P Intelbras";"Switches Não Gerenciáveis";"Intelbras";"";"un";"403,21";"EXSAT"
"4760116";"Switch Fast Ethernet PoE 24 Portas S1126F-PA";"Switches Não Gerenciáveis";"Intelbras";"";"un";"1478,81";"EXSAT"
"4760129";"SWITCH FAST ETHERNET HI-POE 24 PORTAS S1126F-HPA";"Switches Não Gerenciáveis";"Intelbras";"";"un";"1554,60";"EXSAT"
"4568021";"Conector CONEX 1000 RJ45 CAT6 para Rede - 50 Unidades";"Conectores e Acessórios";"Intelbras";"";"un";"31,39";"EXSAT"
"4570103";"Testador de Cabo Tester 3000 RJ45";"Conectores e Acessórios";"Intelbras";"";"un";"434,28";"EXSAT"
"4710031";"Conector RJ45 Fêmea 90° Cat 5 Keystone Jack";"Conectores e Acessórios";"Intelbras";"";"un";"9,71";"EXSAT"
"4770037";"PATCH PANEL IMPACT LAN CAT5E PP524";"Patch Panel";"Intelbras";"";"un";"203,51";"EXSAT"
"4770068";"Patch Panel Descarregado PPD24 Intelbras";"Patch Panel";"Intelbras";"";"un";"73,72";"EXSAT"
"4770069";"PATCH PANEL DESCARREGADO BLINDADO PPDB24";"Patch Panel";"Intelbras";"";"un";"81,65";"EXSAT"
"7899658703066";"Cabo de Rede CAT 5E Preto 305m";"Cabos de Rede";"Intelbras";"";"un";"680,15";"EXSAT"
"4830004";"Cabo U/UTP CAT.6 Preto Intelbras 305m";"Cabos de Rede";"Intelbras";"";"un";"1049,90";"EXSAT"
"4830008";"Cabo U/UTP Categoria CAT.6 Azul - Intelbras";"Cabos de Rede";"Intelbras";"";"un";"1049,90";"EXSAT"
"4830030";"Cabo de Rede CAT 5E 4P Azul 305m Intelbras";"Cabos de Rede";"Intelbras";"";"un";"789,90";"EXSAT"
"368721";"Cabo de Rede Cat6 Furukawa Preto Soho Plus";"Cabos de Rede";"Intelbras";"";"un";"1449,00";"EXSAT"
"4830134";"Cabo de Rede CAT 5E 4P Branco 305m - Intelbras";"Cabos de Rede";"Intelbras";"";"un";"789,90";"EXSAT"
"4830135";"Cabo de Rede CAT 5E 4P Preto 305m Intelbras";"Cabos de Rede";"Intelbras";"";"un";"789,90";"EXSAT"
"4842796";"Gabinete Outdoor para 2 Baterias 105Ah GAB 2BAT105";"Racks e Acessorios";"Intelbras";"";"un";"2876,44";"EXSAT"
"4770008";"Conjunto 4 Ventiladores para Rack KVR4V";"Acessórios para Rack";"Intelbras";"";"un";"395,51";"EXSAT"
"4830059";"Patch Cord U/UTP 4 Pares Categoria 5E Preto 1,5 Metros";"Patch Cord";"Intelbras";"";"un";"13,02";"EXSAT"
"4920439";"Placa 16 Ramais Desbalanceados CP48 CP112 Intelbras";"Acessórios e Peças";"Intelbras";"";"un";"514,63";"EXSAT"
"4080051";"Telefone Pleno com Fio Preto";"Telefones";"Intelbras";"";"un";"52,47";"EXSAT"
"4521102";"Telefone Sem Fio com Ramal Externo Intelbras TIS 5010";"Telefones Sem Fio";"Intelbras";"";"un";"483,82";"EXSAT"
"4010043";"Headset Monoauricular Intelbras THS 40 USB";"Headset";"Intelbras";"";"un";"230,66";"EXSAT"
"4123111";"Telefone Sem Fio Intelbras TS3111";"Telefones Sem Fio";"Intelbras";"";"un";"112,64";"EXSAT"
"4090401";"Telefone Gondola TC20 com Fio Preto";"Telefones";"Intelbras";"";"un";"42,06";"EXSAT"
"4163002";"RADIO COMUNICADOR RC 3002 G2 (PAR)";"Radiocomunicação";"Intelbras";"";"un";"370,62";"EXSAT"
"4503300";"Placa 8 Ramais Desbalanceados Central Telefônica Comunic 16/48 Intelbras";"Placas";"Intelbras";"";"un";"190,03";"EXSAT"
"4125121";"Telefone Sem Fio TS 5121 Ramal Preto";"Telefones Sem Fio";"Intelbras";"";"un";"152,46";"EXSAT"
"4013330";"Telefone Headset HSB50";"Headset";"Intelbras";"";"un";"144,42";"EXSAT"
"4528102";"RADIO COMUNICADOR RC 4102";"Radiocomunicação";"Intelbras";"";"un";"788,42";"EXSAT"
"4160037";"Radio Comunicador Pro Movel VHF RM 8";"Radiocomunicação";"Intelbras";"";"un";"2399,00";"EXSAT"
"4060200";"Conversor de Protocolos IP Intelbras ATA 200";"Gateway";"Intelbras";"";"un";"413,38";"EXSAT"
"4119041";"Telefone Celular Fixo 4G Wi-Fi CFW 9041";"Telefone Celular Fixo";"Intelbras";"";"un";"464,91";"EXSAT"
"4080086";"Telefone com Fio TC 50 Premium Preto Intelbras";"Telefones";"Intelbras";"";"un";"65,98";"EXSAT"
"4503001";"Central de Comunicação COMUNIC 48 Sem Ramais C EMB";"Central Telefônica";"Intelbras";"";"un";"849,09";"EXSAT"
"4331000";"Central Telefonica Modulare Mais 2x4 Intelbras";"Central Telefônica";"Intelbras";"";"un";"2014,09";"EXSAT"
"4320010";"Central Digital Impacta 16";"Central Telefônica";"Intelbras";"";"un";"900,00";"EXSAT"
"4990083";"Placa 4 Ramais Analógicos Impacta";"Placas";"Intelbras";"";"un";"488,32";"EXSAT"
"4400100";"Placa Base ICIP30 Impacta 68I";"Placas";"Intelbras";"";"un";"2190,42";"EXSAT"
"4950351";"Tela Digital Interativa TDi 7865 EDU 65 Polegadas";"Telas Interativas";"Intelbras";"";"un";"16500,00";"EXSAT"
"4630008";"Bloco de Iluminação Autônomo BLA 1202 IP65";"Iluminação de Emergência";"Intelbras";"";"un";"309,02";"EXSAT"
"4824001";"Protetor Eletrônico com 4 Tomadas EPE 1004";"Protetores e Filtros";"Intelbras";"";"un";"30,52";"EXSAT"
"4822202";"Nobreak ATTIV 600VA-BI Intelbras";"Nobreaks e Acessórios";"Intelbras";"";"un";"374,21";"EXSAT"
"4824201";"Protetor Eletrônico Intelbras EPE 205 5 Tomadas Preto";"Protetores e Filtros";"Intelbras";"";"un";"30,53";"EXSAT"
"4824300";"Protetor Eletrônico com 8 Tomadas para Rack EPR 208";"Protetores e Filtros";"Intelbras";"";"un";"76,23";"EXSAT"
"4824503";"Dispositivo de Proteção Elétrica EPS 301 BR";"Tomadas e Extensões";"Intelbras";"";"un";"29,18";"EXSAT"
"4830169";"Extensão Elétrica 3 Tomadas 3 Pinos 10A 5M Preta";"Tomadas e Extensões";"Intelbras";"";"un";"28,57";"EXSAT"
"4630032";"Luminária de Emergência Autônoma LEA150";"Iluminação de Emergência";"Intelbras";"";"un";"22,59";"EXSAT"
"4822036";"Cabo Engate Rápido CBO 603 Intelbras";"Nobreaks e Acessórios";"Intelbras";"";"un";"81,77";"EXSAT"
"4824302";"Protetor Eletrônico EPR 208+ Intelbras Rack 8 Tomadas";"Protetores e Filtros";"Intelbras";"";"un";"84,71";"EXSAT"
"FS-519";"Protetor eletrônico FS-529 220 volts 10A";"Protetores e Filtros";"Intelbras";"";"un";"43,34";"EXSAT"
"4830147";"Extensão Elétrica EXT 2005 3 Tomadas 5M Preta";"Tomadas e Extensões";"Intelbras";"";"un";"15,64";"EXSAT"
"4820060";"Nobreak Attiv Seno 700VA-BI Intelbras Senoidal";"Nobreaks e Acessórios";"Intelbras";"";"un";"518,27";"EXSAT"
"4632200";"Bloco de Iluminação Autônomo BLA 2200";"Iluminação de Emergência";"Intelbras";"";"un";"196,54";"EXSAT"
"4630600";"Bloco de Iluminação Autônomo BLA 600";"Iluminação de Emergência";"Intelbras";"";"un";"116,72";"EXSAT"
"4822209";"Nobreak Intelbras ATTIV 1200VA BI Bivolt";"Nobreaks e Acessórios";"Intelbras";"";"un";"717,14";"EXSAT"
"4822205";"Nobreak ATTIV 700VA-BI Intelbras";"Nobreaks e Acessórios";"Intelbras";"";"un";"416,48";"EXSAT"
"4630010";"Bloco de Iluminação Autônomo BLA 3000";"Iluminação de Emergência";"Intelbras";"";"un";"314,99";"EXSAT"
"4824200";"Protetor Eletrônico com 5 Tomadas Intelbras EPE 205 BR";"Protetores e Filtros";"Intelbras";"";"un";"30,53";"EXSAT"
"FS-561";"Calha 08 Tomadas 10A para Rack 19” Fasgold com Fixação Metálica – Bivolt";"Protetores e Filtros";"Intelbras";"";"un";"74,22";"EXSAT"
"4850030";"Interruptor Smart Wifi Touch EWS 1006 Branco EWS";"Tomadas e Extensões";"Intelbras";"";"un";"174,76";"EXSAT"
"4850064";"Tomada Dupla Inteligente Wi-Fi Intelbras ETS 1002";"Tomadas e Extensões";"Intelbras";"";"un";"124,60";"EXSAT"
"4822003";"Nobreak Intelbras XNB 1440VA 220V";"Nobreaks e Acessórios";"Intelbras";"";"un";"798,95";"EXSAT"
"4822001";"Nobreak XNB 720VA 220V Intelbras";"Nobreaks e Acessórios";"Intelbras";"";"un";"404,65";"EXSAT"
"4822004";"Nobreak XNB 600VA 120V Intelbras";"Nobreaks e Acessórios";"Intelbras";"";"un";"299,90";"EXSAT"
"4822006";"Nobreak Interativo Intelbras XNB 1200VA 120V";"Nobreaks e Acessórios";"Intelbras";"";"un";"599,90";"EXSAT"
"4822007";"Nobreak Interativo XNB 1200VA 220V Intelbras";"Nobreaks e Acessórios";"Intelbras";"";"un";"599,90";"EXSAT"
"4822005";"Nobreak Interativo XNB 600VA 220V Intelbras";"Nobreaks e Acessórios";"Intelbras";"";"un";"289,00";"EXSAT"